"","x"
"1","account"
"2","annual"
"3","attend"
"4","avail"
"5","board"
"6","broker"
"7","card"
"8","combin"
"9","common"
"10","compani"
"11","corpor"
"12","date"
"13","director"
"14","elect"
"15","firm"
"16","follow"
"17","held"
"18","hold"
"19","holder"
"20","instruct"
"21","internet"
"22","matter"
"23","meet"
"24","must"
"25","name"
"26","navistar"
"27","nomine"
"28","notic"
"29","one"
"30","person"
"31","present"
"32","propos"
"33","provid"
"34","proxi"
"35","receiv"
"36","record"
"37","regist"
"38","repres"
"39","requir"
"40","result"
"41","share"
"42","solicit"
"43","statement"
"44","stock"
"45","stockhold"
"46","street"
"47","ticket"
"48","vote"
